timeStamp,elapsed,label,responseCode,responseMessage,threadName,dataType,success,failureMessage,bytes,sentBytes,grpThreads,allThreads,URL,Latency,IdleTime,Connect
1670726008122,4742,Read from database,200,OK,Walmart users 1-1,text,true,,16,0,10,10,null,0,0,0
1670726009018,3846,Read from database,200,OK,Walmart users 1-10,text,true,,16,0,10,10,null,0,0,0
1670726008712,4152,Read from database,200,OK,Walmart users 1-7,text,true,,16,0,10,10,null,0,0,0
1670726008307,4556,Read from database,200,OK,Walmart users 1-3,text,true,,16,0,10,10,null,0,0,0
1670726008612,4251,Read from database,200,OK,Walmart users 1-6,text,true,,16,0,10,10,null,0,0,0
1670726008909,3954,Read from database,200,OK,Walmart users 1-9,text,true,,16,0,10,10,null,0,0,0
1670726008505,4358,Read from database,200,OK,Walmart users 1-5,text,true,,16,0,10,10,null,0,0,0
1670726008807,4056,Read from database,200,OK,Walmart users 1-8,text,true,,16,0,10,10,null,0,0,0
1670726008208,4655,Read from database,200,OK,Walmart users 1-2,text,true,,16,0,10,10,null,0,0,0
1670726008406,4458,Read from database,200,OK,Walmart users 1-4,text,true,,16,0,10,10,null,0,0,0
1670726012884,456,Add to the database,200,OK,Walmart users 1-10,text,true,,248,0,10,10,null,0,0,0
1670726012884,455,Add to the database,200,OK,Walmart users 1-7,text,true,,248,0,10,10,null,0,0,0
1670726012874,467,Add to the database,200,OK,Walmart users 1-3,text,true,,248,0,10,10,null,0,0,0
1670726012884,457,Add to the database,200,OK,Walmart users 1-4,text,true,,248,0,10,10,null,0,0,0
1670726012883,458,Add to the database,200,OK,Walmart users 1-5,text,true,,248,0,10,10,null,0,0,0
1670726012883,457,Add to the database,200,OK,Walmart users 1-6,text,true,,248,0,10,10,null,0,0,0
1670726012874,466,Add to the database,200,OK,Walmart users 1-9,text,true,,248,0,10,10,null,0,0,0
1670726012866,475,Add to the database,200,OK,Walmart users 1-8,text,true,,248,0,10,10,null,0,0,0
1670726012875,466,Add to the database,200,OK,Walmart users 1-2,text,true,,248,0,10,10,null,0,0,0
1670726012884,456,Add to the database,200,OK,Walmart users 1-1,text,true,,248,0,10,10,null,0,0,0
1670726013345,259,Delete from database,200,OK,Walmart users 1-2,text,true,,14,0,10,10,null,0,0,0
1670726013344,260,Delete from database,200,OK,Walmart users 1-6,text,true,,14,0,10,10,null,0,0,0
1670726013345,260,Delete from database,200,OK,Walmart users 1-5,text,true,,14,0,10,10,null,0,0,0
1670726013344,261,Delete from database,200,OK,Walmart users 1-9,text,true,,14,0,10,10,null,0,0,0
1670726013344,265,Delete from database,200,OK,Walmart users 1-3,text,true,,14,0,10,10,null,0,0,0
1670726013344,265,Delete from database,200,OK,Walmart users 1-7,text,true,,14,0,10,10,null,0,0,0
1670726013345,266,Delete from database,200,OK,Walmart users 1-10,text,true,,14,0,10,10,null,0,0,0
1670726013344,274,Delete from database,200,OK,Walmart users 1-4,text,true,,14,0,10,10,null,0,0,0
1670726013345,274,Delete from database,200,OK,Walmart users 1-1,text,true,,14,0,10,10,null,0,0,0
1670726013344,276,Delete from database,200,OK,Walmart users 1-8,text,true,,14,0,10,10,null,0,0,0
1670726013609,383,Update the database,200,OK,Walmart users 1-7,text,true,,135,0,10,10,null,0,0,0
1670726013612,382,Update the database,200,OK,Walmart users 1-10,text,true,,135,0,10,10,null,0,0,0
1670726013606,389,Update the database,200,OK,Walmart users 1-9,text,true,,135,0,10,10,null,0,0,0
1670726013605,390,Update the database,200,OK,Walmart users 1-2,text,true,,135,0,10,10,null,0,0,0
1670726013618,375,Update the database,200,OK,Walmart users 1-4,text,true,,135,0,10,10,null,0,0,0
1670726013605,392,Update the database,200,OK,Walmart users 1-6,text,true,,135,0,10,10,null,0,0,0
1670726013608,385,Update the database,200,OK,Walmart users 1-5,text,true,,135,0,10,10,null,0,0,0
1670726013609,390,Update the database,200,OK,Walmart users 1-3,text,true,,135,0,10,10,null,0,0,0
1670726013620,377,Update the database,200,OK,Walmart users 1-8,text,true,,135,0,10,10,null,0,0,0
1670726013619,380,Update the database,200,OK,Walmart users 1-1,text,true,,135,0,10,10,null,0,0,0
1670726014016,601,Read from database,200,OK,Walmart users 1-6,text,true,,16,0,10,10,null,0,0,0
1670726014012,607,Read from database,200,OK,Walmart users 1-5,text,true,,16,0,10,10,null,0,0,0
1670726014014,605,Read from database,200,OK,Walmart users 1-1,text,true,,16,0,10,10,null,0,0,0
1670726014012,607,Read from database,200,OK,Walmart users 1-8,text,true,,16,0,10,10,null,0,0,0
1670726014012,610,Read from database,200,OK,Walmart users 1-3,text,true,,16,0,10,10,null,0,0,0
1670726014000,622,Read from database,200,OK,Walmart users 1-4,text,true,,16,0,10,10,null,0,0,0
1670726013995,627,Read from database,200,OK,Walmart users 1-7,text,true,,16,0,10,10,null,0,0,0
1670726013995,635,Read from database,200,OK,Walmart users 1-2,text,true,,16,0,10,10,null,0,0,0
1670726013995,635,Read from database,200,OK,Walmart users 1-9,text,true,,16,0,10,10,null,0,0,0
1670726013997,638,Read from database,200,OK,Walmart users 1-10,text,true,,16,0,10,10,null,0,0,0
1670726014622,24,Add to the database,200,OK,Walmart users 1-6,text,true,,248,0,10,10,null,0,0,0
1670726014630,16,Add to the database,200,OK,Walmart users 1-9,text,true,,248,0,10,10,null,0,0,0
1670726014624,23,Add to the database,200,OK,Walmart users 1-1,text,true,,248,0,10,10,null,0,0,0
1670726014623,23,Add to the database,200,OK,Walmart users 1-8,text,true,,248,0,10,10,null,0,0,0
1670726014626,21,Add to the database,200,OK,Walmart users 1-4,text,true,,248,0,10,10,null,0,0,0
1670726014635,20,Add to the database,200,OK,Walmart users 1-10,text,true,,248,0,10,10,null,0,0,0
1670726014620,40,Add to the database,200,OK,Walmart users 1-5,text,true,,248,0,10,10,null,0,0,0
1670726014630,30,Add to the database,200,OK,Walmart users 1-2,text,true,,248,0,10,10,null,0,0,0
1670726014626,35,Add to the database,200,OK,Walmart users 1-7,text,true,,248,0,10,10,null,0,0,0
1670726014626,34,Add to the database,200,OK,Walmart users 1-3,text,true,,248,0,10,10,null,0,0,0
1670726014647,27,Delete from database,200,OK,Walmart users 1-9,text,true,,14,0,10,10,null,0,0,0
1670726014648,26,Delete from database,200,OK,Walmart users 1-4,text,true,,14,0,10,10,null,0,0,0
1670726014647,35,Delete from database,200,OK,Walmart users 1-1,text,true,,14,0,10,10,null,0,0,0
1670726014657,29,Delete from database,200,OK,Walmart users 1-10,text,true,,14,0,10,10,null,0,0,0
1670726014660,26,Delete from database,200,OK,Walmart users 1-5,text,true,,14,0,10,10,null,0,0,0
1670726014661,25,Delete from database,200,OK,Walmart users 1-7,text,true,,14,0,10,10,null,0,0,0
1670726014647,40,Delete from database,200,OK,Walmart users 1-8,text,true,,14,0,10,10,null,0,0,0
1670726014648,40,Delete from database,200,OK,Walmart users 1-6,text,true,,14,0,10,10,null,0,0,0
1670726014661,27,Delete from database,200,OK,Walmart users 1-3,text,true,,14,0,10,10,null,0,0,0
1670726014660,28,Delete from database,200,OK,Walmart users 1-2,text,true,,14,0,10,10,null,0,0,0
1670726014676,46,Update the database,200,OK,Walmart users 1-4,text,true,,135,0,10,10,null,0,0,0
1670726014687,38,Update the database,200,OK,Walmart users 1-8,text,true,,135,0,10,10,null,0,0,0
1670726014689,34,Update the database,200,OK,Walmart users 1-3,text,true,,135,0,10,10,null,0,0,0
1670726014675,49,Update the database,200,OK,Walmart users 1-9,text,true,,135,0,10,10,null,0,0,0
1670726014686,39,Update the database,200,OK,Walmart users 1-5,text,true,,135,0,10,10,null,0,0,0
1670726014688,37,Update the database,200,OK,Walmart users 1-6,text,true,,135,0,10,10,null,0,0,0
1670726014683,41,Update the database,200,OK,Walmart users 1-1,text,true,,135,0,10,10,null,0,0,0
1670726014686,61,Update the database,200,OK,Walmart users 1-10,text,true,,135,0,10,10,null,0,0,0
1670726014686,65,Update the database,200,OK,Walmart users 1-7,text,true,,135,0,10,10,null,0,0,0
1670726014689,120,Update the database,200,OK,Walmart users 1-2,text,true,,135,0,10,10,null,0,0,0
1670726014817,659,Read from database,200,OK,Walmart users 1-2,text,true,,16,0,10,10,null,0,0,0
1670726014726,750,Read from database,200,OK,Walmart users 1-9,text,true,,16,0,10,10,null,0,0,0
1670726014726,752,Read from database,200,OK,Walmart users 1-5,text,true,,16,0,10,10,null,0,0,0
1670726014727,752,Read from database,200,OK,Walmart users 1-1,text,true,,16,0,10,10,null,0,0,0
1670726014752,727,Read from database,200,OK,Walmart users 1-10,text,true,,16,0,10,10,null,0,0,0
1670726014726,753,Read from database,200,OK,Walmart users 1-4,text,true,,16,0,10,10,null,0,0,0
1670726014726,758,Read from database,200,OK,Walmart users 1-8,text,true,,16,0,10,10,null,0,0,0
1670726014726,761,Read from database,200,OK,Walmart users 1-3,text,true,,16,0,10,10,null,0,0,0
1670726014751,739,Read from database,200,OK,Walmart users 1-7,text,true,,16,0,10,10,null,0,0,0
1670726015476,38,Add to the database,200,OK,Walmart users 1-2,text,true,,248,0,10,10,null,0,0,0
1670726015480,45,Add to the database,200,OK,Walmart users 1-5,text,true,,248,0,10,10,null,0,0,0
1670726015477,49,Add to the database,200,OK,Walmart users 1-9,text,true,,248,0,10,10,null,0,0,0
1670726015481,46,Add to the database,200,OK,Walmart users 1-1,text,true,,248,0,10,10,null,0,0,0
1670726015492,68,Add to the database,200,OK,Walmart users 1-3,text,true,,248,0,10,10,null,0,0,0
1670726015485,75,Add to the database,200,OK,Walmart users 1-8,text,true,,248,0,10,10,null,0,0,0
1670726015482,78,Add to the database,200,OK,Walmart users 1-4,text,true,,248,0,10,10,null,0,0,0
1670726015481,79,Add to the database,200,OK,Walmart users 1-10,text,true,,248,0,10,10,null,0,0,0
1670726015492,69,Add to the database,200,OK,Walmart users 1-7,text,true,,248,0,10,10,null,0,0,0
1670726015527,48,Delete from database,200,OK,Walmart users 1-5,text,true,,14,0,10,10,null,0,0,0
1670726015518,57,Delete from database,200,OK,Walmart users 1-2,text,true,,14,0,10,10,null,0,0,0
1670726015527,48,Delete from database,200,OK,Walmart users 1-1,text,true,,14,0,10,10,null,0,0,0
1670726015527,56,Delete from database,200,OK,Walmart users 1-9,text,true,,14,0,10,10,null,0,0,0
1670726014726,906,Read from database,200,OK,Walmart users 1-6,text,true,,243,0,10,10,null,0,0,0
1670726015568,153,Delete from database,200,OK,Walmart users 1-8,text,true,,14,0,10,10,null,0,0,0
1670726015568,156,Delete from database,200,OK,Walmart users 1-10,text,true,,14,0,10,10,null,0,0,0
1670726015568,157,Delete from database,200,OK,Walmart users 1-4,text,true,,14,0,10,10,null,0,0,0
1670726015568,157,Delete from database,200,OK,Walmart users 1-3,text,true,,14,0,10,10,null,0,0,0
1670726015568,158,Delete from database,200,OK,Walmart users 1-7,text,true,,14,0,10,10,null,0,0,0
1670726015667,62,Add to the database,200,OK,Walmart users 1-6,text,true,,248,0,10,10,null,0,0,0
1670726015580,156,Update the database,200,OK,Walmart users 1-2,text,true,,95,0,10,10,null,0,0,0
1670726015595,144,Update the database,200,OK,Walmart users 1-9,text,true,,135,0,10,10,null,0,0,0
1670726015580,159,Update the database,200,OK,Walmart users 1-1,text,true,,135,0,10,10,null,0,0,0
1670726015580,159,Update the database,200,OK,Walmart users 1-5,text,true,,135,0,10,10,null,0,0,0
1670726015727,61,Update the database,200,OK,Walmart users 1-4,text,true,,135,0,10,10,null,0,0,0
1670726015727,77,Update the database,200,OK,Walmart users 1-7,text,true,,135,0,10,10,null,0,0,0
1670726015727,94,Update the database,200,OK,Walmart users 1-3,text,true,,135,0,10,10,null,0,0,0
1670726015727,94,Update the database,200,OK,Walmart users 1-10,text,true,,135,0,10,10,null,0,0,0
1670726015729,105,Delete from database,200,OK,Walmart users 1-6,text,true,,14,0,10,10,null,0,0,0
1670726015727,134,Update the database,200,OK,Walmart users 1-8,text,true,,135,0,10,10,null,0,0,0
1670726015835,50,Update the database,200,OK,Walmart users 1-6,text,true,,135,0,10,10,null,0,0,0
1670726015885,439,Read from database,200,OK,Walmart users 1-6,text,true,,16,0,10,10,null,0,0,0
1670726015741,583,Read from database,200,OK,Walmart users 1-9,text,true,,16,0,10,10,null,0,0,0
1670726015871,453,Read from database,200,OK,Walmart users 1-8,text,true,,16,0,10,10,null,0,0,0
1670726015741,588,Read from database,200,OK,Walmart users 1-5,text,true,,16,0,10,10,null,0,0,0
1670726015790,539,Read from database,200,OK,Walmart users 1-4,text,true,,16,0,10,10,null,0,0,0
1670726015741,589,Read from database,200,OK,Walmart users 1-2,text,true,,16,0,10,10,null,0,0,0
1670726015741,591,Read from database,200,OK,Walmart users 1-1,text,true,,16,0,10,10,null,0,0,0
1670726015823,521,Read from database,200,OK,Walmart users 1-3,text,true,,16,0,10,10,null,0,0,0
1670726016325,37,Add to the database,200,OK,Walmart users 1-9,text,true,,248,0,10,10,null,0,0,0
1670726016332,32,Add to the database,200,OK,Walmart users 1-1,text,true,,248,0,10,10,null,0,0,0
1670726016326,34,Add to the database,200,OK,Walmart users 1-8,text,true,,248,0,10,10,null,0,0,0
1670726015811,557,Read from database,200,OK,Walmart users 1-7,text,true,,1151,0,10,10,null,0,0,0
1670726016330,34,Add to the database,200,OK,Walmart users 1-2,text,true,,248,0,10,10,null,0,0,0
1670726016325,34,Add to the database,200,OK,Walmart users 1-6,text,true,,248,0,10,10,null,0,0,0
1670726016358,13,Add to the database,200,OK,Walmart users 1-3,text,true,,248,0,10,10,null,0,0,0
1670726016329,43,Add to the database,200,OK,Walmart users 1-4,text,true,,248,0,10,10,null,0,0,0
1670726016329,42,Add to the database,200,OK,Walmart users 1-5,text,true,,248,0,10,10,null,0,0,0
1670726015823,552,Read from database,200,OK,Walmart users 1-10,text,true,,1832,0,10,10,null,0,0,0
1670726016371,32,Add to the database,200,OK,Walmart users 1-7,text,true,,248,0,10,10,null,0,0,0
1670726016371,39,Delete from database,200,OK,Walmart users 1-1,text,true,,14,0,10,10,null,0,0,0
1670726016372,38,Delete from database,200,OK,Walmart users 1-3,text,true,,14,0,10,10,null,0,0,0
1670726016371,41,Delete from database,200,OK,Walmart users 1-2,text,true,,14,0,10,10,null,0,0,0
1670726016371,42,Delete from database,200,OK,Walmart users 1-9,text,true,,14,0,10,10,null,0,0,0
1670726016372,41,Delete from database,200,OK,Walmart users 1-8,text,true,,14,0,10,10,null,0,0,0
1670726016372,42,Delete from database,200,OK,Walmart users 1-4,text,true,,14,0,10,10,null,0,0,0
1670726016375,40,Add to the database,200,OK,Walmart users 1-10,text,true,,248,0,10,10,null,0,0,0
1670726016372,49,Delete from database,200,OK,Walmart users 1-5,text,true,,14,0,10,10,null,0,0,0
1670726016371,51,Delete from database,200,OK,Walmart users 1-6,text,true,,14,0,10,10,null,0,0,0
1670726016403,98,Delete from database,200,OK,Walmart users 1-7,text,true,,14,0,10,10,null,0,0,0
1670726016410,91,Update the database,200,OK,Walmart users 1-3,text,true,,95,0,10,10,null,0,0,0
1670726016415,89,Delete from database,200,OK,Walmart users 1-10,text,true,,14,0,10,10,null,0,0,0
1670726016410,96,Update the database,200,OK,Walmart users 1-1,text,true,,135,0,10,10,null,0,0,0
1670726016412,94,Update the database,200,OK,Walmart users 1-2,text,true,,135,0,10,10,null,0,0,0
1670726016413,93,Update the database,200,OK,Walmart users 1-9,text,true,,135,0,10,10,null,0,0,0
1670726016414,92,Update the database,200,OK,Walmart users 1-4,text,true,,135,0,10,10,null,0,0,0
1670726016422,84,Update the database,200,OK,Walmart users 1-6,text,true,,135,0,10,10,null,0,0,0
1670726016421,93,Update the database,200,OK,Walmart users 1-5,text,true,,135,0,10,10,null,0,0,0
1670726016413,101,Update the database,200,OK,Walmart users 1-8,text,true,,135,0,10,10,null,0,0,0
1670726016501,79,Update the database,200,OK,Walmart users 1-7,text,true,,135,0,10,10,null,0,0,0
1670726016505,79,Update the database,200,OK,Walmart users 1-10,text,true,,135,0,10,10,null,0,0,0
1670726016507,492,Read from database,200,OK,Walmart users 1-1,text,true,,16,0,10,10,null,0,0,0
1670726016506,493,Read from database,200,OK,Walmart users 1-9,text,true,,16,0,10,10,null,0,0,0
1670726016507,492,Read from database,200,OK,Walmart users 1-4,text,true,,16,0,10,10,null,0,0,0
1670726016592,407,Read from database,200,OK,Walmart users 1-10,text,true,,16,0,10,10,null,0,0,0
1670726016514,496,Read from database,200,OK,Walmart users 1-5,text,true,,16,0,10,10,null,0,0,0
1670726016501,509,Read from database,200,OK,Walmart users 1-3,text,true,,16,0,10,10,null,0,0,0
1670726016514,497,Read from database,200,OK,Walmart users 1-8,text,true,,16,0,10,10,null,0,0,0
1670726016508,506,Read from database,200,OK,Walmart users 1-6,text,true,,16,0,10,10,null,0,0,0
1670726016591,451,Read from database,200,OK,Walmart users 1-7,text,true,,16,0,10,10,null,0,0,0
1670726016506,536,Read from database,200,OK,Walmart users 1-2,text,true,,16,0,10,10,null,0,0,0
1670726017000,57,Add to the database,200,OK,Walmart users 1-10,text,true,,248,0,10,10,null,0,0,0
1670726017000,57,Add to the database,200,OK,Walmart users 1-4,text,true,,248,0,10,10,null,0,0,0
1670726017000,59,Add to the database,200,OK,Walmart users 1-1,text,true,,248,0,10,10,null,0,0,0
1670726017000,59,Add to the database,200,OK,Walmart users 1-9,text,true,,248,0,10,10,null,0,0,0
1670726017011,55,Add to the database,200,OK,Walmart users 1-5,text,true,,248,0,10,10,null,0,0,0
1670726017048,19,Add to the database,200,OK,Walmart users 1-7,text,true,,248,0,10,10,null,0,0,0
1670726017011,56,Add to the database,200,OK,Walmart users 1-8,text,true,,248,0,10,10,null,0,0,0
1670726017011,56,Add to the database,200,OK,Walmart users 1-3,text,true,,248,0,10,10,null,0,0,0
1670726017014,53,Add to the database,200,OK,Walmart users 1-6,text,true,,248,0,10,10,null,0,0,0
1670726017048,20,Add to the database,200,OK,Walmart users 1-2,text,true,,248,0,10,10,null,0,0,0
1670726017058,33,Delete from database,200,OK,Walmart users 1-4,text,true,,14,0,10,10,null,0,0,0
1670726017059,33,Delete from database,200,OK,Walmart users 1-1,text,true,,14,0,10,10,null,0,0,0
1670726017069,23,Delete from database,200,OK,Walmart users 1-2,text,true,,14,0,10,10,null,0,0,0
1670726017058,37,Delete from database,200,OK,Walmart users 1-10,text,true,,14,0,10,10,null,0,0,0
1670726017059,38,Delete from database,200,OK,Walmart users 1-9,text,true,,14,0,10,10,null,0,0,0
1670726017067,33,Delete from database,200,OK,Walmart users 1-5,text,true,,14,0,10,10,null,0,0,0
1670726017067,33,Delete from database,200,OK,Walmart users 1-7,text,true,,14,0,10,10,null,0,0,0
1670726017068,34,Delete from database,200,OK,Walmart users 1-3,text,true,,14,0,10,10,null,0,0,0
1670726017067,37,Delete from database,200,OK,Walmart users 1-8,text,true,,14,0,10,10,null,0,0,0
1670726017068,39,Delete from database,200,OK,Walmart users 1-6,text,true,,14,0,10,10,null,0,0,0
1670726017095,34,Update the database,200,OK,Walmart users 1-4,text,true,,135,0,10,10,null,0,0,0
1670726017095,37,Update the database,200,OK,Walmart users 1-1,text,true,,135,0,10,10,null,0,0,0
1670726017095,38,Update the database,200,OK,Walmart users 1-2,text,true,,135,0,10,10,null,0,0,0
1670726017107,78,Update the database,200,OK,Walmart users 1-6,text,true,,135,0,10,10,null,0,0,0
1670726017102,88,Update the database,200,OK,Walmart users 1-3,text,true,,135,0,10,10,null,0,0,0
1670726017096,90,Update the database,200,OK,Walmart users 1-10,text,true,,135,0,10,10,null,0,0,0
1670726017100,84,Update the database,200,OK,Walmart users 1-7,text,true,,135,0,10,10,null,0,0,0
1670726017100,86,Update the database,200,OK,Walmart users 1-5,text,true,,135,0,10,10,null,0,0,0
1670726017104,83,Update the database,200,OK,Walmart users 1-8,text,true,,135,0,10,10,null,0,0,0
1670726017098,89,Update the database,200,OK,Walmart users 1-9,text,true,,135,0,10,10,null,0,0,0
1670726017132,361,Read from database,200,OK,Walmart users 1-1,text,true,,16,0,10,10,null,0,0,0
1670726017133,362,Read from database,200,OK,Walmart users 1-2,text,true,,16,0,10,10,null,0,0,0
1670726017193,302,Read from database,200,OK,Walmart users 1-9,text,true,,16,0,10,10,null,0,0,0
1670726017129,368,Read from database,200,OK,Walmart users 1-4,text,true,,16,0,10,10,null,0,0,0
1670726017191,306,Read from database,200,OK,Walmart users 1-5,text,true,,16,0,10,10,null,0,0,0
1670726017190,308,Read from database,200,OK,Walmart users 1-10,text,true,,16,0,10,10,null,0,0,0
1670726017191,311,Read from database,200,OK,Walmart users 1-8,text,true,,16,0,10,10,null,0,0,0
1670726017190,323,Read from database,200,OK,Walmart users 1-3,text,true,,16,0,10,10,null,0,0,0
1670726017190,323,Read from database,200,OK,Walmart users 1-7,text,true,,16,0,10,10,null,0,0,0
1670726017190,323,Read from database,200,OK,Walmart users 1-6,text,true,,16,0,10,10,null,0,0,0
1670726017495,22,Add to the database,200,OK,Walmart users 1-9,text,true,,248,0,10,10,null,0,0,0
1670726017497,20,Add to the database,200,OK,Walmart users 1-4,text,true,,248,0,10,10,null,0,0,0
1670726017498,19,Add to the database,200,OK,Walmart users 1-10,text,true,,248,0,10,10,null,0,0,0
1670726017494,23,Add to the database,200,OK,Walmart users 1-1,text,true,,248,0,10,10,null,0,0,0
1670726017497,20,Add to the database,200,OK,Walmart users 1-5,text,true,,248,0,10,10,null,0,0,0
1670726017495,23,Add to the database,200,OK,Walmart users 1-2,text,true,,248,0,10,10,null,0,0,0
1670726017518,34,Add to the database,200,OK,Walmart users 1-6,text,true,,248,0,10,10,null,0,0,0
1670726017517,35,Add to the database,200,OK,Walmart users 1-3,text,true,,248,0,10,10,null,0,0,0
1670726017517,35,Add to the database,200,OK,Walmart users 1-8,text,true,,248,0,10,10,null,0,0,0
1670726017518,34,Add to the database,200,OK,Walmart users 1-7,text,true,,248,0,10,10,null,0,0,0
1670726017518,37,Delete from database,200,OK,Walmart users 1-2,text,true,,14,0,10,10,null,0,0,0
1670726017517,39,Delete from database,200,OK,Walmart users 1-10,text,true,,14,0,10,10,null,0,0,0
1670726017517,41,Delete from database,200,OK,Walmart users 1-1,text,true,,14,0,10,10,null,0,0,0
1670726017517,41,Delete from database,200,OK,Walmart users 1-9,text,true,,14,0,10,10,null,0,0,0
1670726017517,41,Delete from database,200,OK,Walmart users 1-4,text,true,,14,0,10,10,null,0,0,0
1670726017517,41,Delete from database,200,OK,Walmart users 1-5,text,true,,14,0,10,10,null,0,0,0
1670726017553,38,Delete from database,200,OK,Walmart users 1-6,text,true,,14,0,10,10,null,0,0,0
1670726017553,42,Delete from database,200,OK,Walmart users 1-8,text,true,,14,0,10,10,null,0,0,0
1670726017553,42,Delete from database,200,OK,Walmart users 1-7,text,true,,14,0,10,10,null,0,0,0
1670726017553,43,Delete from database,200,OK,Walmart users 1-3,text,true,,14,0,10,10,null,0,0,0
1670726017555,45,Update the database,200,OK,Walmart users 1-2,text,true,,135,0,10,10,null,0,0,0
1670726017558,49,Update the database,200,OK,Walmart users 1-9,text,true,,135,0,10,10,null,0,0,0
1670726017558,49,Update the database,200,OK,Walmart users 1-1,text,true,,135,0,10,10,null,0,0,0
1670726017558,52,Update the database,200,OK,Walmart users 1-5,text,true,,135,0,10,10,null,0,0,0
1670726017558,52,Update the database,200,OK,Walmart users 1-4,text,true,,135,0,10,10,null,0,0,0
1670726017556,63,Update the database,200,OK,Walmart users 1-10,text,true,,135,0,10,10,null,0,0,0
1670726017596,23,Update the database,200,OK,Walmart users 1-3,text,true,,135,0,10,10,null,0,0,0
1670726017592,27,Update the database,200,OK,Walmart users 1-6,text,true,,135,0,10,10,null,0,0,0
1670726017595,25,Update the database,200,OK,Walmart users 1-8,text,true,,135,0,10,10,null,0,0,0
1670726017595,25,Update the database,200,OK,Walmart users 1-7,text,true,,135,0,10,10,null,0,0,0
1670726017620,659,Read from database,200,OK,Walmart users 1-8,text,true,,16,0,10,10,null,0,0,0
1670726017611,669,Read from database,200,OK,Walmart users 1-4,text,true,,16,0,10,10,null,0,0,0
1670726017620,660,Read from database,200,OK,Walmart users 1-7,text,true,,16,0,10,10,null,0,0,0
1670726017610,673,Read from database,200,OK,Walmart users 1-5,text,true,,16,0,10,10,null,0,0,0
1670726017607,676,Read from database,200,OK,Walmart users 1-9,text,true,,16,0,10,10,null,0,0,0
1670726017620,666,Read from database,200,OK,Walmart users 1-3,text,true,,16,0,10,10,null,0,0,0
1670726017607,679,Read from database,200,OK,Walmart users 1-1,text,true,,16,0,10,10,null,0,0,0
1670726017603,683,Read from database,200,OK,Walmart users 1-2,text,true,,16,0,10,10,null,0,0,0
1670726017620,673,Read from database,200,OK,Walmart users 1-10,text,true,,16,0,10,10,null,0,0,0
1670726017620,674,Read from database,200,OK,Walmart users 1-6,text,true,,16,0,10,10,null,0,0,0
1670726018283,24,Add to the database,200,OK,Walmart users 1-9,text,true,,248,0,10,10,null,0,0,0
1670726018282,26,Add to the database,200,OK,Walmart users 1-7,text,true,,248,0,10,10,null,0,0,0
1670726018284,23,Add to the database,200,OK,Walmart users 1-5,text,true,,248,0,10,10,null,0,0,0
1670726018281,26,Add to the database,200,OK,Walmart users 1-8,text,true,,248,0,10,10,null,0,0,0
1670726018282,60,Add to the database,200,OK,Walmart users 1-4,text,true,,248,0,10,10,null,0,0,0
1670726018291,96,Add to the database,200,OK,Walmart users 1-3,text,true,,248,0,10,10,null,0,0,0
1670726018327,94,Delete from database,200,OK,Walmart users 1-8,text,true,,14,0,10,10,null,0,0,0
1670726018302,120,Add to the database,200,OK,Walmart users 1-10,text,true,,248,0,10,10,null,0,0,0
1670726018388,37,Delete from database,200,OK,Walmart users 1-3,text,true,,14,0,10,10,null,0,0,0
1670726018323,102,Delete from database,200,OK,Walmart users 1-9,text,true,,14,0,10,10,null,0,0,0
1670726018302,112,Add to the database,200,OK,Walmart users 1-2,text,true,,248,0,10,10,null,0,0,0
1670726018324,100,Delete from database,200,OK,Walmart users 1-7,text,true,,14,0,10,10,null,0,0,0
1670726018302,112,Add to the database,200,OK,Walmart users 1-6,text,true,,248,0,10,10,null,0,0,0
1670726018345,80,Delete from database,200,OK,Walmart users 1-4,text,true,,14,0,10,10,null,0,0,0
1670726018291,122,Add to the database,200,OK,Walmart users 1-1,text,true,,248,0,10,10,null,0,0,0
1670726018326,96,Delete from database,200,OK,Walmart users 1-5,text,true,,14,0,10,10,null,0,0,0
1670726018445,64,Delete from database,200,OK,Walmart users 1-1,text,true,,14,0,10,10,null,0,0,0
1670726018447,62,Delete from database,200,OK,Walmart users 1-6,text,true,,14,0,10,10,null,0,0,0
1670726018447,66,Delete from database,200,OK,Walmart users 1-2,text,true,,14,0,10,10,null,0,0,0
1670726018447,68,Delete from database,200,OK,Walmart users 1-10,text,true,,14,0,10,10,null,0,0,0
1670726018446,72,Update the database,200,OK,Walmart users 1-9,text,true,,135,0,10,10,null,0,0,0
1670726018447,71,Update the database,200,OK,Walmart users 1-7,text,true,,135,0,10,10,null,0,0,0
1670726018445,74,Update the database,200,OK,Walmart users 1-3,text,true,,135,0,10,10,null,0,0,0
1670726018446,73,Update the database,200,OK,Walmart users 1-5,text,true,,135,0,10,10,null,0,0,0
1670726018446,73,Update the database,200,OK,Walmart users 1-4,text,true,,135,0,10,10,null,0,0,0
1670726018445,74,Update the database,200,OK,Walmart users 1-8,text,true,,135,0,10,10,null,0,0,0
1670726018509,30,Update the database,200,OK,Walmart users 1-6,text,true,,135,0,10,10,null,0,0,0
1670726018509,30,Update the database,200,OK,Walmart users 1-1,text,true,,135,0,10,10,null,0,0,0
1670726018519,20,Update the database,200,OK,Walmart users 1-10,text,true,,135,0,10,10,null,0,0,0
1670726018514,26,Update the database,200,OK,Walmart users 1-2,text,true,,135,0,10,10,null,0,0,0
1670726018519,273,Read from database,200,OK,Walmart users 1-4,text,true,,16,0,10,10,null,0,0,0
1670726018519,273,Read from database,200,OK,Walmart users 1-7,text,true,,16,0,10,10,null,0,0,0
1670726018520,272,Read from database,200,OK,Walmart users 1-3,text,true,,16,0,10,10,null,0,0,0
1670726018519,275,Read from database,200,OK,Walmart users 1-5,text,true,,16,0,10,10,null,0,0,0
1670726018540,267,Read from database,200,OK,Walmart users 1-10,text,true,,16,0,10,10,null,0,0,0
1670726018540,267,Read from database,200,OK,Walmart users 1-2,text,true,,16,0,10,10,null,0,0,0
1670726018519,290,Read from database,200,OK,Walmart users 1-9,text,true,,16,0,10,10,null,0,0,0
1670726018793,19,Add to the database,200,OK,Walmart users 1-7,text,true,,248,0,10,10,null,0,0,0
1670726018793,20,Add to the database,200,OK,Walmart users 1-4,text,true,,248,0,10,10,null,0,0,0
1670726018794,19,Add to the database,200,OK,Walmart users 1-3,text,true,,248,0,10,10,null,0,0,0
1670726018794,19,Add to the database,200,OK,Walmart users 1-5,text,true,,248,0,10,10,null,0,0,0
1670726018807,9,Add to the database,200,OK,Walmart users 1-2,text,true,,248,0,10,10,null,0,0,0
1670726018807,9,Add to the database,200,OK,Walmart users 1-10,text,true,,248,0,10,10,null,0,0,0
1670726018540,279,Read from database,200,OK,Walmart users 1-6,text,true,,16,0,10,10,null,0,0,0
1670726018519,307,Read from database,200,OK,Walmart users 1-8,text,true,,243,0,10,10,null,0,0,0
1670726018540,288,Read from database,200,OK,Walmart users 1-1,text,true,,924,0,10,10,null,0,0,0
1670726018809,23,Add to the database,200,OK,Walmart users 1-9,text,true,,248,0,10,10,null,0,0,0
1670726018813,28,Delete from database,200,OK,Walmart users 1-5,text,true,,14,0,10,10,null,0,0,0
1670726018813,28,Delete from database,200,OK,Walmart users 1-4,text,true,,14,0,10,10,null,0,0,0
1670726018816,27,Delete from database,200,OK,Walmart users 1-10,text,true,,14,0,10,10,null,0,0,0
1670726018819,26,Add to the database,200,OK,Walmart users 1-6,text,true,,248,0,10,10,null,0,0,0
1670726018826,22,Add to the database,200,OK,Walmart users 1-8,text,true,,248,0,10,10,null,0,0,0
1670726018816,34,Delete from database,200,OK,Walmart users 1-2,text,true,,14,0,10,10,null,0,0,0
1670726018828,22,Add to the database,200,OK,Walmart users 1-1,text,true,,248,0,10,10,null,0,0,0
1670726018813,39,Delete from database,200,OK,Walmart users 1-3,text,true,,14,0,10,10,null,0,0,0
1670726018813,39,Delete from database,200,OK,Walmart users 1-7,text,true,,14,0,10,10,null,0,0,0
1670726018841,15,Update the database,200,OK,Walmart users 1-5,text,true,,95,0,10,10,null,0,0,0
1670726018835,22,Delete from database,200,OK,Walmart users 1-9,text,true,,14,0,10,10,null,0,0,0
1670726018841,16,Update the database,200,OK,Walmart users 1-4,text,true,,95,0,10,10,null,0,0,0
1670726018846,15,Delete from database,200,OK,Walmart users 1-6,text,true,,14,0,10,10,null,0,0,0
1670726018848,14,Delete from database,200,OK,Walmart users 1-8,text,true,,14,0,10,10,null,0,0,0
1670726018843,20,Update the database,200,OK,Walmart users 1-10,text,true,,135,0,10,10,null,0,0,0
1670726018850,22,Update the database,200,OK,Walmart users 1-2,text,true,,135,0,10,10,null,0,0,0
1670726018850,28,Delete from database,200,OK,Walmart users 1-1,text,true,,14,0,10,10,null,0,0,0
1670726018859,40,Update the database,200,OK,Walmart users 1-9,text,true,,135,0,10,10,null,0,0,0
1670726018853,46,Update the database,200,OK,Walmart users 1-7,text,true,,135,0,10,10,null,0,0,0
1670726018878,25,Update the database,200,OK,Walmart users 1-1,text,true,,135,0,10,10,null,0,0,0
1670726018876,25,Update the database,200,OK,Walmart users 1-6,text,true,,135,0,10,10,null,0,0,0
1670726018853,46,Update the database,200,OK,Walmart users 1-3,text,true,,135,0,10,10,null,0,0,0
1670726018875,25,Update the database,200,OK,Walmart users 1-8,text,true,,135,0,10,10,null,0,0,0
1670726018873,233,Read from database,200,OK,Walmart users 1-2,text,true,,16,0,10,10,null,0,0,0
1670726018873,242,Read from database,200,OK,Walmart users 1-10,text,true,,16,0,10,10,null,0,0,0
1670726019109,13,Add to the database,200,OK,Walmart users 1-2,text,true,,248,0,10,10,null,0,0,0
1670726019115,12,Add to the database,200,OK,Walmart users 1-10,text,true,,248,0,10,10,null,0,0,0
1670726018875,273,Read from database,200,OK,Walmart users 1-4,text,true,,470,0,10,10,null,0,0,0
1670726019127,23,Delete from database,200,OK,Walmart users 1-10,text,true,,14,0,10,10,null,0,0,0
1670726018859,294,Read from database,200,OK,Walmart users 1-5,text,true,,470,0,10,10,null,0,0,0
1670726018912,243,Read from database,200,OK,Walmart users 1-9,text,true,,243,0,10,10,null,0,0,0
1670726018914,241,Read from database,200,OK,Walmart users 1-3,text,true,,243,0,10,10,null,0,0,0
1670726019122,34,Delete from database,200,OK,Walmart users 1-2,text,true,,14,0,10,10,null,0,0,0
1670726018923,233,Read from database,200,OK,Walmart users 1-8,text,true,,16,0,10,10,null,0,0,0
1670726018913,244,Read from database,200,OK,Walmart users 1-7,text,true,,16,0,10,10,null,0,0,0
1670726018913,245,Read from database,200,OK,Walmart users 1-1,text,true,,16,0,10,10,null,0,0,0
1670726019148,13,Add to the database,200,OK,Walmart users 1-4,text,true,,248,0,10,10,null,0,0,0
1670726019157,8,Add to the database,200,OK,Walmart users 1-7,text,true,,248,0,10,10,null,0,0,0
1670726019157,9,Add to the database,200,OK,Walmart users 1-8,text,true,,248,0,10,10,null,0,0,0
1670726019155,11,Add to the database,200,OK,Walmart users 1-3,text,true,,248,0,10,10,null,0,0,0
1670726019155,11,Add to the database,200,OK,Walmart users 1-9,text,true,,248,0,10,10,null,0,0,0
1670726019153,13,Add to the database,200,OK,Walmart users 1-5,text,true,,248,0,10,10,null,0,0,0
1670726019158,10,Add to the database,200,OK,Walmart users 1-1,text,true,,248,0,10,10,null,0,0,0
1670726019156,15,Update the database,200,OK,Walmart users 1-2,text,true,,95,0,10,10,null,0,0,0
1670726019150,22,Update the database,200,OK,Walmart users 1-10,text,true,,95,0,10,10,null,0,0,0
1670726018914,260,Read from database,200,OK,Walmart users 1-6,text,true,,1605,0,10,10,null,0,0,0
1670726019168,23,Delete from database,200,OK,Walmart users 1-1,text,true,,14,0,10,10,null,0,0,0
1670726019166,26,Delete from database,200,OK,Walmart users 1-9,text,true,,14,0,10,10,null,0,0,0
1670726019166,24,Delete from database,200,OK,Walmart users 1-8,text,true,,14,0,10,10,null,0,0,0
1670726019166,23,Delete from database,200,OK,Walmart users 1-3,text,true,,14,0,10,10,null,0,0,0
1670726019165,27,Delete from database,200,OK,Walmart users 1-7,text,true,,14,0,10,10,null,0,0,0
1670726019167,24,Delete from database,200,OK,Walmart users 1-5,text,true,,14,0,10,10,null,0,0,0
1670726019162,28,Delete from database,200,OK,Walmart users 1-4,text,true,,14,0,10,10,null,0,0,0
1670726019174,36,Add to the database,200,OK,Walmart users 1-6,text,true,,248,0,10,10,null,0,0,0
1670726019197,21,Update the database,200,OK,Walmart users 1-1,text,true,,95,0,10,10,null,0,0,0
1670726019198,20,Update the database,200,OK,Walmart users 1-4,text,true,,135,0,10,10,null,0,0,0
1670726019198,21,Update the database,200,OK,Walmart users 1-8,text,true,,135,0,10,10,null,0,0,0
1670726019197,21,Update the database,200,OK,Walmart users 1-9,text,true,,135,0,10,10,null,0,0,0
1670726019198,22,Update the database,200,OK,Walmart users 1-7,text,true,,135,0,10,10,null,0,0,0
1670726019197,23,Update the database,200,OK,Walmart users 1-3,text,true,,135,0,10,10,null,0,0,0
1670726019199,22,Update the database,200,OK,Walmart users 1-5,text,true,,135,0,10,10,null,0,0,0
1670726019210,28,Delete from database,200,OK,Walmart users 1-6,text,true,,14,0,10,10,null,0,0,0
1670726019238,15,Update the database,200,OK,Walmart users 1-6,text,true,,135,0,10,10,null,0,0,0
1670726019172,208,Read from database,200,OK,Walmart users 1-10,text,true,,16,0,10,10,null,0,0,0
1670726019172,214,Read from database,200,OK,Walmart users 1-2,text,true,,16,0,10,10,null,0,0,0
1670726019387,41,Add to the database,200,OK,Walmart users 1-2,text,true,,248,0,10,10,null,0,0,0
1670726019382,46,Add to the database,200,OK,Walmart users 1-10,text,true,,248,0,10,10,null,0,0,0
1670726019428,20,Delete from database,200,OK,Walmart users 1-10,text,true,,14,0,10,10,null,0,0,0
1670726019428,20,Delete from database,200,OK,Walmart users 1-2,text,true,,14,0,10,10,null,0,0,0
1670726019219,237,Read from database,200,OK,Walmart users 1-1,text,true,,16,0,10,10,null,0,0,0
1670726019219,237,Read from database,200,OK,Walmart users 1-9,text,true,,16,0,10,10,null,0,0,0
1670726019220,238,Read from database,200,OK,Walmart users 1-7,text,true,,16,0,10,10,null,0,0,0
1670726019219,239,Read from database,200,OK,Walmart users 1-8,text,true,,16,0,10,10,null,0,0,0
1670726019219,241,Read from database,200,OK,Walmart users 1-4,text,true,,16,0,10,10,null,0,0,0
1670726019458,9,Add to the database,200,OK,Walmart users 1-7,text,true,,248,0,10,10,null,0,0,0
1670726019457,10,Add to the database,200,OK,Walmart users 1-1,text,true,,248,0,10,10,null,0,0,0
1670726019220,248,Read from database,200,OK,Walmart users 1-3,text,true,,16,0,10,10,null,0,0,0
1670726019458,12,Add to the database,200,OK,Walmart users 1-8,text,true,,248,0,10,10,null,0,0,0
1670726019457,13,Add to the database,200,OK,Walmart users 1-9,text,true,,248,0,10,10,null,0,0,0
1670726019449,28,Update the database,200,OK,Walmart users 1-2,text,true,,95,0,10,10,null,0,0,0
1670726019449,28,Update the database,200,OK,Walmart users 1-10,text,true,,95,0,10,10,null,0,0,0
1670726019222,256,Read from database,200,OK,Walmart users 1-5,text,true,,470,0,10,10,null,0,0,0
1670726019255,223,Read from database,200,OK,Walmart users 1-6,text,true,,924,0,10,10,null,0,0,0
1670726019460,21,Add to the database,200,OK,Walmart users 1-4,text,true,,248,0,10,10,null,0,0,0
1670726019468,13,Add to the database,200,OK,Walmart users 1-3,text,true,,248,0,10,10,null,0,0,0
1670726019470,19,Delete from database,200,OK,Walmart users 1-9,text,true,,14,0,8,8,null,0,0,0
1670726019478,12,Add to the database,200,OK,Walmart users 1-5,text,true,,248,0,8,8,null,0,0,0
1670726019478,12,Add to the database,200,OK,Walmart users 1-6,text,true,,248,0,8,8,null,0,0,0
1670726019468,23,Delete from database,200,OK,Walmart users 1-1,text,true,,14,0,8,8,null,0,0,0
1670726019468,24,Delete from database,200,OK,Walmart users 1-7,text,true,,14,0,8,8,null,0,0,0
1670726019470,23,Delete from database,200,OK,Walmart users 1-8,text,true,,14,0,8,8,null,0,0,0
1670726019483,18,Delete from database,200,OK,Walmart users 1-3,text,true,,14,0,8,8,null,0,0,0
1670726019483,25,Delete from database,200,OK,Walmart users 1-4,text,true,,14,0,8,8,null,0,0,0
1670726019495,43,Update the database,200,OK,Walmart users 1-1,text,true,,135,0,8,8,null,0,0,0
1670726019495,43,Update the database,200,OK,Walmart users 1-7,text,true,,135,0,8,8,null,0,0,0
1670726019494,47,Delete from database,200,OK,Walmart users 1-5,text,true,,14,0,7,7,null,0,0,0
1670726019495,46,Delete from database,200,OK,Walmart users 1-6,text,true,,14,0,6,6,null,0,0,0
1670726019495,46,Update the database,200,OK,Walmart users 1-9,text,true,,135,0,6,6,null,0,0,0
1670726019494,47,Update the database,200,OK,Walmart users 1-8,text,true,,135,0,7,7,null,0,0,0
1670726019509,41,Update the database,200,OK,Walmart users 1-4,text,true,,135,0,4,4,null,0,0,0
1670726019503,48,Update the database,200,OK,Walmart users 1-3,text,true,,135,0,4,4,null,0,0,0
1670726019541,23,Update the database,200,OK,Walmart users 1-5,text,true,,135,0,2,2,null,0,0,0
1670726019541,24,Update the database,200,OK,Walmart users 1-6,text,true,,135,0,2,2,null,0,0,0
